,Date,sn1,sn2,sn3,sn4,sn5,sn6,sn7,sn8,sn9,sn10,sn11,sn12,sn13,sn14,sn15,sn16,sn17,sn18,sn19,sn20,sn21,sn22,sn23,sn24,sn25,sn26,sn27,sn28,sn29,sn30,sn31,sn32,sn33,sn34,sn35,sn36,sn37,sn38,sn39,sn40,sn41,sn42,sn43,sn44,sn45,sn46,sn47,sn48,sn49,sn50,sn51,sn52,sn53,sn54,sn55,sn56,sn57,sn58,sn59,sn60,sn61,sn62,sn63,sn64,sn65,sn66,sn67,sn68,sn69,sn70,sn71,sn72,sn73,sn74,sn75,sn76,sn77,sn78,sn79,sn80,sn81,sn82,sn83,sn84,sn85,sn86,sn87,sn88,sn89,sn90,sn91,sn92,sn93,sn94,sn95,sn96,sn97,sn98,sn99,sn100,mean,std
0,2020-01-01,2.64,1.5,4.17,2.55,1.85,1.23,1.47,0.85,1.57,1.92,0.7,1.87,1.31,2.04,0.64,1.31,0.14,1.78,2.51,1.45,1.45,0.68,3.08,0.64,2.79,1.62,0.69,1.51,2.03,2.11,1.44,2.58,2.9,2.27,1.3,1.43,2.86,2.28,1.77,0.34,3.79,3.24,0.25,0.71,1.47,2.96,0.59,0.19,1.38,1.93,1.22,1.2,5.63,3.2,3.98,1.41,2.8,1.92,1.15,3.51,1.35,0.9,0.5,2.68,1.44,3.38,3.33,2.81,3.98,2.2,3.6,2.31,0.94,1.67,0.85,3.45,3.86,1.43,4.68,1.84,2.12,0.38,3.45,2.42,2.56,1.54,1.07,1.39,1.75,4.53,0.12,2.93,1.65,0.55,1.03,0.23,0.96,3.03,3.48,2.71,1.9689999999999994,1.1475872801911695
1,2020-02-01,3.08,2.45,5.74,3.39,2.21,2.2,1.87,2.06,2.68,2.13,1.71,2.75,1.81,3.12,1.04,1.61,0.12,2.5,2.77,1.54,1.58,1.93,4.42,1.47,3.06,2.19,1.06,3.32,2.3,1.46,1.3,3.42,3.23,3.94,1.93,1.49,4.78,3.44,2.12,0.09,5.3,3.89,0.73,1.3,1.12,4.96,0.98,0.95,2.04,1.77,1.33,1.76,7.24,4.3,4.88,2.49,4.33,2.79,1.38,4.72,2.7,1.64,0.71,2.74,1.99,3.86,4.49,3.65,7.55,3.76,4.16,2.83,1.37,2.62,0.79,4.72,3.6,2.06,6.56,2.37,2.8,0.83,4.18,3.59,3.66,2.36,0.96,1.72,2.49,6.04,0.75,3.68,2.07,0.8,1.11,1.65,1.39,3.87,3.65,3.15,2.6849000000000007,1.5130586421369976
2,2020-03-01,3.86,3.47,7.41,4.88,1.96,3.9,2.57,2.57,4.21,2.37,2.17,4.2,2.6,3.69,1.09,2.71,1.16,3.77,3.46,1.46,1.38,3.05,5.05,2.05,3.83,2.61,1.67,4.83,2.01,1.11,1.55,4.35,4.08,4.67,2.87,1.68,6.67,4.72,2.66,0.17,5.74,4.32,1.24,2.2,2.0,6.42,1.8,1.64,2.26,2.86,1.48,2.38,8.71,5.07,6.51,3.26,6.12,3.43,1.41,5.98,3.7,1.28,0.67,3.08,3.02,5.3,6.63,3.83,13.08,4.45,4.81,3.08,1.91,2.75,2.0,6.17,3.66,2.84,9.69,3.42,4.08,1.17,4.93,4.56,4.87,2.83,1.51,1.94,3.52,6.18,0.89,4.45,2.62,1.88,0.96,3.04,2.11,4.85,3.93,4.09,3.4912999999999994,2.0382601290157627
3,2020-04-01,4.38,5.05,8.78,6.62,1.98,5.68,3.42,3.74,4.47,2.41,2.46,5.99,3.64,4.37,0.98,3.47,1.71,5.39,4.34,1.65,1.13,3.69,5.56,2.98,5.16,3.17,2.23,6.02,1.79,0.98,1.9,5.75,5.93,5.44,4.33,2.39,8.49,6.31,3.29,0.74,6.91,4.83,0.87,2.84,2.79,7.37,3.7,2.33,3.24,3.46,1.86,3.38,10.84,2.6,8.75,3.98,7.62,4.5,1.19,7.37,4.34,1.64,0.77,3.64,3.98,7.41,8.77,3.6,18.93,5.98,5.49,3.41,2.47,3.02,3.15,7.87,3.3,3.4,12.54,4.82,5.14,0.91,6.44,5.74,6.21,2.89,2.77,2.44,5.02,6.14,0.78,5.23,3.2,3.55,1.25,3.98,2.77,6.99,4.65,5.73,4.386000000000001,2.7185137799388053
4,2020-05-01,4.97,6.71,11.16,8.42,1.99,7.46,4.44,5.68,5.42,2.68,6.04,8.79,4.82,5.35,0.91,4.87,2.51,7.2,5.51,1.8,0.9,3.96,6.33,3.77,7.16,3.9,2.79,7.34,1.33,1.24,2.83,7.19,8.29,6.24,6.43,3.94,10.68,9.21,4.22,1.36,9.23,5.98,0.75,4.03,3.95,8.8,5.69,4.17,4.23,4.07,2.5,4.73,15.18,2.09,11.46,4.55,9.09,5.99,1.18,10.03,5.87,2.07,0.95,4.62,5.02,10.4,11.1,4.44,26.48,8.17,7.04,3.86,3.38,3.49,3.74,10.12,3.27,4.01,17.09,6.47,5.99,1.51,8.5,7.67,7.88,3.21,4.79,2.34,7.02,7.09,1.03,6.06,3.98,6.33,1.72,5.24,4.2,9.12,7.13,7.95,5.738900000000001,3.7289868895213645
5,2020-06-01,5.5,8.77,14.83,11.14,2.26,14.87,5.86,8.7,7.73,3.17,7.6,12.3,6.02,6.38,0.93,6.97,3.84,9.46,6.49,2.23,0.73,4.48,7.36,4.87,9.55,4.54,3.64,8.56,1.54,1.7,3.84,8.66,8.36,7.18,9.09,6.19,12.92,12.44,6.06,1.81,13.61,7.21,1.12,6.21,5.82,11.83,6.93,6.85,5.57,4.84,3.54,6.23,19.54,4.09,14.5,5.26,10.55,8.17,1.33,14.25,8.04,3.35,1.83,4.94,6.62,13.79,13.66,6.09,26.03,11.05,9.12,4.42,4.43,4.25,4.01,12.66,3.42,5.03,19.53,8.85,7.8,2.61,10.82,9.77,11.27,4.03,6.81,2.39,10.2,8.78,1.43,6.99,4.94,8.45,2.32,6.28,6.6,11.2,10.06,10.5,7.4038999999999975,4.417777423505666
6,2020-07-01,5.95,11.62,17.78,14.66,2.64,28.27,7.38,11.08,10.22,4.34,7.44,15.27,7.15,7.2,0.95,10.0,5.53,12.03,7.14,3.0,0.63,5.32,9.27,6.3,12.46,5.22,5.42,9.98,1.82,2.36,5.13,9.99,8.41,8.28,12.72,9.05,15.32,15.41,8.8,2.22,17.37,9.89,1.26,8.58,8.28,14.81,8.3,10.46,6.67,6.55,4.76,7.66,20.81,7.13,17.0,6.63,11.99,10.41,1.68,16.53,10.71,5.0,2.9,5.34,8.95,17.63,16.54,8.07,28.4,14.61,11.37,5.04,5.83,5.07,3.85,15.0,3.83,6.14,23.65,12.43,10.0,4.11,13.38,11.9,14.65,5.15,8.27,2.62,14.71,9.61,2.0,8.15,6.0,12.26,3.02,6.49,10.86,13.21,13.36,13.25,9.3389,5.478253591624014
7,2020-08-01,6.54,15.43,20.19,18.28,3.29,36.63,8.99,14.98,13.2,5.82,7.14,16.77,8.1,7.78,1.02,14.23,7.73,14.94,7.64,4.0,0.57,6.32,11.58,6.42,15.71,5.73,7.77,10.23,2.65,3.42,6.66,11.85,8.16,9.27,16.76,12.92,17.27,18.26,12.9,2.79,19.73,14.05,1.25,11.9,11.45,15.39,10.88,15.49,8.22,9.46,6.42,9.09,20.46,9.37,18.84,8.79,13.02,13.85,2.4,18.1,13.89,6.92,3.96,5.75,11.33,22.54,19.94,10.86,30.08,19.93,13.61,5.86,7.16,5.86,4.34,16.49,4.41,7.12,27.98,16.55,11.81,6.06,16.84,16.6,17.74,6.63,12.21,3.05,18.91,10.39,2.61,9.35,6.81,19.17,3.82,7.9,13.36,14.92,16.92,14.61,11.423899999999998,6.488376848743693
8,2020-09-01,8.3,19.48,22.76,21.18,4.26,28.33,11.01,17.67,15.85,8.61,9.02,18.16,8.48,8.4,1.32,19.25,10.7,17.71,7.86,4.94,0.59,7.17,14.2,6.68,19.81,6.17,11.03,9.81,4.01,4.91,8.16,13.16,7.71,10.26,20.55,17.08,19.66,21.28,18.4,4.12,20.36,19.04,1.88,17.98,14.73,16.09,14.82,21.74,9.16,13.22,8.58,11.06,19.95,10.97,20.51,11.51,13.27,17.65,3.41,19.52,17.76,8.93,5.37,6.17,13.02,25.66,23.56,15.87,33.15,22.56,13.9,6.6,8.71,6.99,5.49,18.08,5.12,8.07,30.36,20.6,13.42,8.28,19.29,21.81,20.49,8.85,17.21,3.52,20.96,11.27,3.33,10.04,7.53,25.79,5.18,9.63,17.75,16.54,19.1,16.25,13.457099999999995,6.966617267477463
9,2020-10-01,10.22,21.83,24.34,23.73,5.6,14.84,13.89,19.1,17.73,13.26,11.82,20.73,9.27,8.81,1.77,21.41,15.03,20.61,8.67,6.23,0.68,8.2,16.69,7.19,21.08,7.06,15.05,9.76,6.24,7.02,9.14,16.32,7.34,11.11,22.38,20.56,20.22,23.51,20.4,6.22,21.17,24.22,3.06,25.97,17.97,16.84,17.47,24.27,10.2,17.93,11.18,13.5,22.48,13.27,22.27,14.56,14.16,20.32,4.99,21.36,21.09,10.4,6.97,6.59,14.61,26.57,27.27,19.87,38.42,23.87,14.18,7.25,10.99,8.51,7.74,20.63,6.13,9.03,31.95,17.52,14.29,10.68,21.59,22.92,23.03,11.35,21.85,4.04,22.51,12.39,4.6,10.67,9.14,29.66,7.49,11.65,17.48,17.96,19.53,17.97,15.226400000000003,7.309611290083845
10,2020-11-01,12.52,22.84,26.36,26.99,6.41,16.0,16.54,20.95,18.61,19.25,15.47,23.84,10.15,9.1,2.32,20.89,17.59,23.75,9.91,7.3,0.78,9.97,18.92,8.02,23.9,8.72,18.93,9.26,9.22,9.84,9.5,21.6,6.92,11.97,23.95,23.36,20.9,25.5,19.85,9.22,23.24,27.39,4.4,29.42,20.15,18.13,19.65,24.73,10.92,21.84,14.55,16.98,28.68,15.76,25.32,17.39,15.05,22.51,7.06,23.3,22.11,11.0,9.62,7.01,16.48,26.67,31.1,22.6,44.33,25.57,14.51,8.19,16.44,10.12,10.26,23.77,7.78,10.17,33.81,13.48,14.79,13.98,23.43,18.39,25.17,14.03,22.88,4.58,24.58,13.76,6.13,11.24,10.88,32.51,10.45,14.21,16.68,18.98,20.26,19.91,17.0545,7.773292709364194
11,2020-12-01,15.24,22.88,33.0,30.7,7.04,20.19,18.72,24.84,19.04,21.09,19.18,26.25,11.58,9.53,2.98,19.55,16.33,26.97,11.23,8.5,0.89,12.48,21.52,8.96,26.69,11.12,21.25,8.43,13.3,12.96,9.71,26.0,6.69,13.18,26.05,25.33,22.89,28.44,20.76,12.37,27.24,29.42,6.68,27.06,20.36,19.82,19.64,25.07,11.13,25.26,17.91,20.96,31.97,16.52,29.1,19.46,16.47,25.11,10.14,27.43,22.36,11.42,13.21,7.42,19.48,27.05,35.93,20.53,49.68,26.0,15.15,9.25,19.15,11.9,12.65,27.11,9.75,11.14,39.97,18.59,16.05,18.06,24.9,14.04,25.37,15.72,22.36,5.35,26.76,15.41,8.13,12.2,12.93,31.66,13.53,17.41,16.18,20.9,21.42,22.37,18.89100000000001,8.313908329851353
12,2021-01-01,17.12,24.71,38.01,35.48,7.39,25.26,20.02,30.4,19.15,20.15,21.1,28.82,13.07,10.1,3.81,19.8,12.91,30.42,12.83,9.91,0.98,15.11,25.22,9.91,29.67,14.09,21.77,8.63,14.55,12.4,9.5,27.26,7.17,15.44,29.75,26.0,26.04,33.25,24.21,16.42,31.72,32.35,10.28,27.33,21.75,22.58,20.77,25.64,11.26,28.25,20.32,25.82,34.32,15.32,32.98,20.56,17.84,28.86,14.7,33.04,22.12,14.25,15.46,8.24,23.09,31.44,42.04,17.81,55.77,29.14,18.0,10.51,19.77,13.93,13.91,30.52,12.33,12.02,46.05,22.31,19.38,21.87,29.0,19.71,27.78,16.04,24.85,6.4,29.47,17.53,9.59,13.32,15.34,32.86,15.94,21.47,19.35,24.61,25.95,25.43,21.18119999999999,9.35111696239783
13,2021-02-01,18.45,27.91,41.01,40.54,7.67,29.29,20.64,35.51,19.87,19.3,23.12,31.55,14.58,10.87,5.12,22.83,11.83,34.63,14.95,11.09,1.09,17.85,29.01,10.87,34.98,17.54,21.86,9.21,16.07,12.17,9.55,30.26,7.57,18.37,34.49,28.69,29.99,39.21,29.04,20.46,35.59,36.97,13.95,30.13,24.6,26.59,23.3,28.18,11.84,31.16,24.43,29.76,37.27,14.63,37.25,21.25,19.29,33.58,17.47,39.12,23.04,17.22,15.33,9.58,26.66,37.18,47.88,20.07,62.62,33.98,21.63,11.54,19.89,15.78,14.82,33.32,15.72,13.27,50.27,25.78,23.6,23.8,33.1,28.32,32.26,16.2,29.63,7.86,32.14,20.7,10.78,14.63,18.29,37.16,15.66,25.21,25.49,29.0,33.7,29.16,23.97669999999999,10.734487803055131
14,2021-03-01,19.8,31.91,42.67,45.73,8.12,32.37,21.34,40.13,24.97,20.68,25.6,36.62,16.1,11.88,6.32,28.51,15.38,39.86,17.74,12.43,1.36,20.58,33.76,11.86,41.75,21.57,24.25,9.72,17.72,12.07,11.13,35.8,7.88,21.7,39.19,32.59,33.74,45.54,34.37,23.44,41.45,43.13,13.31,37.33,29.07,31.28,25.02,31.94,12.68,34.16,29.16,32.97,41.37,16.01,42.35,21.9,20.91,39.14,17.51,43.33,25.08,20.09,15.81,11.29,30.02,44.15,54.17,23.95,70.14,39.86,25.28,12.52,19.08,17.88,16.13,35.6,15.76,13.9,54.19,30.12,27.46,26.33,36.51,36.63,37.61,17.31,35.57,9.85,34.11,24.41,10.67,16.17,21.51,42.95,14.42,28.42,29.24,32.67,40.79,33.62,27.134700000000013,12.400483491307176
15,2021-04-01,21.48,36.07,44.67,51.39,8.71,35.33,25.38,45.34,29.48,25.45,29.3,42.6,17.65,13.15,7.14,35.38,18.28,45.92,20.75,13.87,1.96,24.03,38.7,12.93,48.13,25.71,28.38,10.37,20.35,12.53,13.49,42.67,8.17,24.2,45.03,37.06,37.33,51.56,39.68,25.79,48.45,50.4,10.74,44.16,33.93,33.03,27.07,36.92,13.99,37.77,32.84,35.9,46.48,19.04,47.95,23.63,22.85,44.95,17.19,46.64,27.84,23.03,17.34,12.99,33.88,52.69,60.66,27.93,78.99,47.47,29.38,13.49,18.81,20.67,18.09,39.41,16.69,14.47,57.78,35.06,32.25,33.13,39.98,38.87,43.42,19.12,41.36,12.41,36.55,28.2,10.97,17.99,25.14,48.01,15.72,32.05,33.57,35.75,48.4,38.83,30.6773,14.179279366153779
16,2021-05-01,23.35,40.29,49.75,57.23,9.4,39.57,30.78,51.58,33.2,30.95,34.22,49.31,19.34,14.8,8.15,40.32,20.72,52.93,24.07,15.34,2.78,27.05,43.84,14.05,53.87,29.12,32.95,11.09,25.37,13.95,16.54,50.15,8.44,26.45,52.0,41.76,40.99,56.79,44.88,30.68,55.92,56.75,8.65,50.32,39.02,36.72,29.31,43.26,15.69,43.62,36.12,39.99,51.18,23.7,53.47,27.15,25.25,51.09,19.82,46.97,31.51,26.04,20.17,14.64,38.7,61.75,66.8,32.53,89.02,55.02,33.58,14.57,19.54,24.08,20.62,44.49,18.55,15.56,61.24,40.41,36.72,42.42,44.86,39.26,49.44,22.3,45.55,14.43,40.31,31.44,12.08,20.18,29.39,51.79,17.76,35.77,39.86,38.07,56.27,44.51,34.6328,15.94105151468809
17,2021-06-01,25.33,44.79,55.34,62.9,10.26,44.43,36.98,57.42,37.37,36.37,39.2,56.79,21.18,16.88,9.58,44.01,23.02,60.73,27.9,16.64,4.15,30.64,52.21,15.11,58.79,29.97,37.59,12.2,31.85,16.27,19.88,57.6,8.75,29.0,58.71,47.06,44.77,60.82,51.22,35.8,63.24,62.15,8.92,55.7,44.55,42.05,32.21,50.59,17.44,50.95,39.2,45.09,55.16,29.47,58.58,31.2,28.09,57.47,23.31,47.68,36.31,29.32,24.61,16.3,44.59,68.24,73.41,36.56,97.63,59.18,37.91,15.69,20.6,27.95,23.33,49.7,21.42,17.08,64.55,46.34,39.83,49.72,50.4,40.73,56.0,26.23,49.54,15.85,44.24,35.33,13.47,22.85,37.32,55.53,20.24,39.3,47.41,42.13,64.12,49.67,38.83189999999999,17.51752938480409
18,2021-07-01,28.1,49.42,60.18,68.45,11.3,49.31,44.08,62.8,41.75,41.54,44.48,63.54,23.21,19.07,11.4,48.17,25.66,65.99,32.49,18.76,6.43,35.34,65.26,16.91,63.27,34.7,42.12,13.79,39.02,18.75,23.47,64.91,9.12,31.59,66.39,53.14,48.5,65.16,57.3,41.08,69.25,67.31,10.18,60.98,50.48,46.63,34.15,58.94,19.41,58.9,42.79,50.16,58.15,35.68,63.0,35.57,31.45,63.75,26.25,49.8,41.58,32.48,29.48,17.98,51.07,73.35,80.15,40.39,102.84,60.58,42.28,16.79,21.76,32.56,26.25,54.47,24.9,19.44,67.6,52.79,42.86,55.1,55.91,44.69,62.96,31.26,54.42,17.2,48.36,39.14,14.78,26.17,49.24,60.15,23.02,42.89,54.95,46.96,70.79,55.62,43.239900000000006,18.857549220833594
19,2021-08-01,30.42,54.27,64.23,73.87,12.52,53.74,51.93,67.36,45.49,46.81,49.31,69.02,25.54,21.48,12.78,52.67,28.42,71.71,37.65,22.61,8.71,40.12,77.77,19.8,67.15,40.06,46.47,15.99,44.37,21.33,27.67,72.25,9.55,34.49,74.49,59.75,52.06,72.12,62.72,47.7,73.98,71.47,11.99,66.87,56.61,50.63,35.73,67.61,22.27,67.03,48.05,55.18,61.77,40.18,66.57,39.91,34.79,70.95,28.97,55.33,46.87,34.62,34.58,19.59,57.58,77.51,87.24,44.4,104.87,61.67,48.65,19.14,23.08,38.03,29.56,58.91,28.59,21.99,70.36,59.4,47.75,60.93,61.11,50.49,67.81,36.02,60.34,19.26,52.57,43.74,15.97,30.14,63.2,66.37,26.4,48.21,61.57,52.08,75.73,62.33,47.809499999999986,20.0921799137592
20,2021-09-01,31.95,58.78,67.08,79.16,13.84,59.14,60.12,71.11,48.3,52.7,54.32,73.49,28.17,25.7,14.47,56.86,31.36,78.9,43.34,26.56,10.0,45.75,87.64,23.11,70.59,44.24,50.78,18.82,50.7,24.41,34.3,79.59,10.06,38.3,82.91,66.35,55.66,80.17,67.93,55.66,78.06,74.83,13.38,72.97,62.71,54.53,37.49,75.78,25.83,75.23,53.78,60.43,65.6,42.95,69.5,44.43,37.41,77.37,32.48,61.52,51.44,35.79,39.95,20.86,63.43,80.11,94.51,47.99,107.25,66.94,55.44,22.27,24.25,44.28,33.08,62.83,32.77,24.07,72.97,65.94,54.5,67.47,65.7,56.26,71.74,40.88,66.82,22.02,56.68,48.93,17.32,34.7,74.53,73.95,30.49,53.55,66.59,56.74,79.15,69.39,52.42179999999999,21.279336701707752
21,2021-10-01,33.29,62.99,68.79,84.42,15.11,64.44,68.97,74.34,51.53,59.15,59.78,77.63,31.8,31.05,16.95,60.83,34.13,86.1,49.53,32.01,11.7,52.07,94.19,26.62,74.14,49.59,55.08,22.3,55.46,28.4,42.65,86.82,10.66,42.43,91.32,72.61,58.93,87.82,74.04,64.4,81.98,78.94,14.61,78.6,68.22,58.74,39.32,82.61,30.1,83.12,59.43,66.59,69.4,45.98,72.51,48.96,40.21,82.79,36.61,67.06,56.28,36.42,46.96,22.06,68.13,84.41,101.88,50.83,110.8,75.7,63.28,25.96,25.19,51.58,36.37,66.15,37.27,26.17,75.23,72.4,62.6,73.17,69.89,59.76,74.91,45.71,73.3,25.15,60.67,53.83,19.39,39.62,84.03,80.78,35.48,57.77,71.24,61.39,82.84,76.92,57.1137,22.359977623044042
22,2021-11-01,35.15,67.03,69.69,89.62,16.16,69.28,78.38,76.88,54.65,65.48,65.66,81.96,36.05,36.39,20.09,66.16,37.13,93.83,55.98,37.58,14.37,58.72,98.39,30.51,79.91,58.06,59.61,26.54,56.79,30.11,51.33,93.61,11.47,46.17,97.62,78.55,61.85,91.87,81.92,72.89,85.94,82.84,15.98,83.25,72.91,63.31,41.14,88.4,33.14,90.44,65.25,72.68,73.16,49.78,76.44,53.84,43.82,87.14,41.35,71.75,61.12,39.89,54.53,24.13,72.33,88.97,109.25,53.08,115.42,84.09,71.94,30.24,26.77,59.62,39.88,68.94,42.35,28.52,77.23,78.34,72.08,77.66,72.48,62.82,80.12,51.17,79.03,29.36,64.37,58.54,22.22,45.02,92.82,85.13,40.79,61.22,76.53,65.41,87.59,84.31,61.813099999999984,23.27081879660977
23,2021-12-01,36.66,70.81,70.86,94.67,19.02,73.79,87.65,78.7,57.07,70.92,71.54,86.52,40.1,42.18,23.49,71.96,40.62,102.01,63.1,43.41,16.55,65.45,102.87,34.9,86.97,67.07,63.82,31.38,61.09,32.72,60.21,100.02,12.58,48.88,102.99,84.17,65.99,94.22,90.52,81.11,89.55,85.5,17.45,87.47,77.19,68.29,42.86,92.32,35.65,96.85,70.9,78.62,76.96,53.07,80.63,58.82,48.19,90.86,46.62,76.68,65.88,44.82,61.95,26.88,76.53,94.36,116.45,55.46,120.74,90.52,81.74,35.8,28.71,68.12,43.73,71.78,48.73,32.09,79.12,83.76,81.66,81.42,74.31,66.03,87.05,56.46,85.45,35.03,67.64,62.38,25.68,50.71,101.42,87.38,46.52,64.66,81.63,69.23,90.36,91.09,66.56349999999999,24.016236947557214
24,2022-01-01,37.51,75.16,73.93,99.28,22.78,77.8,96.43,79.8,58.82,76.01,77.03,91.22,44.67,49.69,27.3,77.81,45.99,110.28,71.17,49.8,17.51,71.76,105.86,40.57,94.35,75.49,67.71,37.52,67.07,37.04,68.85,106.16,13.95,50.57,107.88,88.77,71.18,96.29,99.06,88.54,93.29,88.5,19.24,91.63,80.89,73.4,44.31,94.74,38.67,102.35,76.34,84.02,80.8,56.51,84.83,63.71,52.93,94.42,52.14,81.99,70.6,49.06,69.86,29.59,80.29,99.84,123.08,58.29,126.24,95.34,92.01,42.08,30.87,76.68,47.97,75.13,55.68,37.15,80.77,88.96,90.79,84.55,76.05,69.37,94.28,60.76,92.05,40.47,70.38,65.81,30.01,56.62,110.43,88.02,52.41,68.02,85.97,73.02,92.07,97.61,71.31500000000003,24.618108736817653
25,2022-02-01,38.13,79.75,77.93,103.26,26.64,81.46,104.36,80.03,60.33,82.01,81.83,96.02,49.53,59.29,30.8,83.42,53.0,118.89,80.0,56.45,18.5,76.65,106.53,47.15,101.57,83.02,71.18,45.84,72.78,42.27,78.82,112.11,15.58,51.42,112.62,92.51,77.04,97.9,107.09,94.68,97.25,91.47,21.45,94.77,83.7,78.09,45.63,96.63,42.31,106.96,81.51,88.92,84.67,61.16,89.24,68.41,57.81,98.14,57.67,87.12,75.27,52.56,77.9,32.91,83.1,106.01,130.19,62.48,131.7,99.14,102.15,48.87,33.35,85.39,52.68,78.58,62.88,43.07,82.07,94.34,99.37,87.33,78.12,72.75,101.16,64.32,98.92,45.08,71.68,69.49,34.63,62.97,117.83,88.08,58.18,70.91,89.82,76.9,93.5,104.16,76.01140000000001,25.11461090378437
26,2022-03-01,39.19,84.58,81.83,106.63,30.49,84.68,113.5,81.12,61.69,87.99,85.7,100.96,54.44,66.32,35.24,87.83,60.42,127.55,89.24,62.74,22.09,80.32,108.88,54.32,108.37,89.64,74.37,54.53,76.94,47.16,88.31,118.49,17.8,52.57,117.64,95.66,83.13,98.95,114.07,99.29,101.4,94.35,24.16,96.87,85.35,82.34,46.85,98.75,46.7,111.78,85.97,93.5,88.24,67.03,93.56,72.86,62.92,102.14,62.44,92.71,80.39,56.22,85.61,36.41,85.6,112.18,138.24,67.39,137.34,102.42,111.84,55.84,36.13,94.33,57.79,81.93,70.47,48.31,83.12,99.49,107.71,90.15,80.3,76.17,107.18,67.78,106.28,50.0,71.89,73.47,39.0,70.39,123.44,88.19,63.55,73.75,93.43,80.86,95.17,111.02,80.65370000000001,25.646022026187154
27,2022-04-01,40.24,89.31,85.18,110.75,35.17,87.57,124.97,82.95,63.18,93.99,88.36,106.53,59.41,71.0,43.98,91.1,65.26,136.0,98.68,68.62,26.93,84.57,113.55,61.9,114.28,95.6,77.33,61.53,79.5,54.2,97.44,126.44,20.66,53.82,123.5,98.05,87.06,100.0,119.45,102.63,107.8,97.19,27.39,98.3,86.24,85.87,47.96,101.55,51.94,117.22,89.86,97.54,91.35,71.65,97.55,77.08,68.47,106.39,66.88,98.68,85.84,59.59,92.78,39.94,88.31,118.02,146.99,72.24,143.27,106.43,120.9,62.67,39.26,103.21,62.38,85.14,78.59,52.82,84.44,104.41,115.67,93.23,82.41,79.63,111.86,71.01,114.2,55.11,71.53,76.97,43.22,78.58,128.67,88.68,68.23,76.91,96.81,84.87,97.37,117.41,85.27200000000002,26.303417644822883
28,2022-05-01,41.27,93.78,88.57,115.65,38.43,90.36,137.08,84.95,64.72,98.82,89.63,112.85,64.35,72.37,52.31,93.5,69.29,143.99,108.37,74.75,32.91,89.86,119.69,69.74,119.32,101.21,79.96,67.14,81.0,62.52,107.13,135.78,24.15,55.38,130.51,100.2,89.77,101.25,122.93,106.13,116.41,100.39,31.14,99.3,86.86,88.32,49.03,104.15,56.76,123.04,93.35,101.17,94.39,75.8,100.94,81.35,74.33,110.71,73.29,104.87,91.33,62.35,100.24,43.51,91.32,124.39,156.18,77.02,149.47,110.88,127.74,69.18,42.71,111.78,66.85,88.08,87.22,56.61,86.18,109.11,123.76,96.16,84.38,83.09,115.38,74.46,122.74,60.02,71.24,79.81,48.54,87.45,134.62,89.63,72.18,80.47,100.0,89.02,100.03,123.66,89.86010000000005,27.189374837062786
29,2022-06-01,42.22,97.91,91.38,121.35,40.71,93.53,147.99,87.09,66.12,102.51,90.2,119.31,69.41,74.36,59.39,95.19,72.76,151.76,118.06,81.81,39.93,95.25,126.82,78.5,123.62,106.63,82.27,72.35,81.95,70.56,118.93,146.13,28.16,56.92,138.73,102.49,92.05,102.9,124.49,110.63,126.86,103.75,35.4,100.17,87.6,90.52,50.05,106.53,61.91,129.51,96.66,104.47,97.87,79.57,104.17,84.84,80.3,114.89,80.94,111.24,96.69,64.62,107.79,47.16,94.44,132.1,165.35,81.6,155.84,115.51,132.43,76.23,46.41,120.33,71.72,90.93,96.28,59.97,87.95,113.61,134.66,99.93,86.21,86.29,119.02,77.98,131.9,64.38,71.37,82.51,54.28,97.4,141.69,90.98,75.39,84.34,103.07,93.31,102.78,129.9,94.53970000000001,28.357854859497454
30,2022-07-01,43.9,101.67,93.87,127.78,43.09,96.9,159.5,89.2,67.42,105.19,91.01,125.75,74.39,79.17,65.62,96.46,75.96,160.25,127.69,88.05,47.34,100.32,134.55,87.61,127.36,111.86,84.88,78.08,82.61,78.2,131.55,156.92,32.29,59.06,147.32,105.12,94.39,104.9,125.19,116.72,138.33,107.09,40.13,101.01,88.8,93.36,50.95,109.53,67.9,136.51,100.06,107.59,101.67,83.29,106.94,87.59,86.1,118.75,89.31,117.64,102.71,66.56,115.33,50.84,97.7,140.37,173.95,85.84,162.32,119.85,135.1,83.75,50.27,129.8,78.56,93.69,105.75,63.46,89.76,117.9,146.9,105.01,87.9,89.33,124.8,81.32,142.7,67.88,72.0,85.8,60.0,108.1,150.4,92.69,78.04,87.9,106.01,97.67,105.38,136.84,99.4187,29.82326288996629
31,2022-08-01,47.18,105.1,95.85,134.91,46.43,100.49,171.93,91.15,68.84,107.33,92.51,132.07,79.0,85.14,71.88,98.19,79.48,169.46,137.32,93.95,53.37,104.55,141.47,96.6,131.57,116.89,88.05,83.93,83.03,83.74,144.17,167.48,36.15,61.95,155.7,108.41,97.1,107.02,128.2,125.96,150.24,110.25,44.88,101.89,90.43,96.74,50.78,112.28,74.47,143.48,103.96,110.54,105.61,86.9,109.54,89.68,91.56,122.05,98.24,123.9,109.18,68.11,122.05,54.6,101.34,148.7,181.42,89.34,166.8,123.74,140.93,91.53,54.28,140.41,88.28,96.39,115.67,66.5,91.49,121.5,160.37,111.2,89.44,92.24,132.33,84.32,155.07,70.57,73.01,88.84,65.93,118.76,160.66,94.64,79.97,90.95,108.63,101.81,108.59,144.03,104.4459,31.617916065951203
32,2022-09-01,51.48,108.22,97.55,142.63,50.06,104.22,183.9,92.98,69.77,109.9,94.62,137.65,83.2,90.95,78.41,99.86,83.59,178.76,147.41,99.38,57.96,108.23,149.11,105.61,138.42,121.4,91.54,91.11,83.65,88.06,156.56,177.12,39.8,64.4,163.39,112.12,100.36,109.03,133.41,137.96,161.98,113.13,49.08,103.41,92.38,100.53,50.25,115.02,79.93,150.17,108.24,113.61,109.52,90.38,112.21,91.28,96.51,125.42,107.64,130.15,115.82,69.4,128.08,58.44,105.18,157.16,187.4,92.01,169.63,127.46,149.47,99.8,58.34,152.29,94.61,98.9,126.06,69.32,93.06,125.23,174.94,118.18,90.78,95.02,141.56,86.86,168.38,72.99,74.22,91.59,71.99,127.76,171.81,96.55,81.36,93.85,110.51,105.64,111.9,151.16,109.49329999999998,33.74033796765701
33,2022-10-01,56.01,111.06,99.13,150.92,53.46,108.03,193.57,95.18,70.14,112.54,97.1,142.51,86.16,95.54,85.03,101.33,88.86,187.7,158.68,104.04,60.48,111.41,156.87,115.33,146.66,125.29,95.27,98.96,85.7,91.79,168.64,185.43,47.03,66.4,170.58,115.83,103.89,110.79,138.76,152.0,173.09,115.68,53.14,105.45,94.47,104.57,49.6,117.7,84.3,156.61,112.82,116.64,113.34,93.64,114.92,92.58,100.99,129.86,116.9,136.39,122.44,70.43,133.6,62.32,109.13,165.71,192.01,94.22,171.77,130.82,159.79,108.0,62.35,165.27,100.36,101.19,136.88,72.18,94.5,129.14,190.7,125.64,91.92,97.67,151.79,88.97,181.87,75.98,75.5,94.19,77.77,136.13,183.08,98.28,82.55,96.94,111.88,109.38,115.09,158.06,114.5229,36.00233963483232
34,2022-11-01,60.83,114.59,100.58,159.92,55.9,111.84,201.96,97.59,70.16,116.01,99.67,147.15,87.86,99.41,92.11,102.45,93.26,196.08,170.51,108.16,62.34,115.78,164.61,125.61,156.33,129.53,99.2,107.1,88.53,94.74,180.39,192.47,55.48,68.14,177.0,119.42,107.51,112.3,144.43,166.89,182.32,117.84,56.75,107.73,96.53,109.02,48.98,120.38,87.65,162.67,117.7,120.33,117.2,96.65,117.7,93.83,105.03,135.02,126.23,143.26,128.96,71.42,139.47,66.15,113.14,174.06,195.69,96.06,173.6,133.8,170.32,115.19,66.02,178.81,106.36,103.54,148.06,75.09,96.09,133.42,206.33,133.56,92.89,100.19,161.91,90.71,194.81,78.95,76.7,96.69,83.08,144.98,193.47,99.82,83.8,99.92,113.08,113.17,118.15,164.7,119.48819999999999,38.38228164403492
35,2022-12-01,65.9,118.72,101.88,169.62,58.15,115.57,207.93,100.06,70.34,119.9,102.11,151.3,89.05,103.18,101.01,103.31,95.3,203.8,182.23,111.86,66.37,121.61,171.85,136.3,166.23,136.6,103.32,114.4,91.64,96.82,190.85,198.5,64.27,69.8,182.62,123.33,111.03,113.67,150.38,181.43,190.03,120.32,62.0,110.01,98.43,113.44,48.68,123.03,91.07,168.03,122.79,124.47,120.89,99.69,120.5,95.0,108.66,140.64,135.81,150.4,135.3,72.41,146.03,69.98,117.12,181.73,199.22,98.16,175.15,136.45,180.35,121.3,69.51,192.07,113.13,105.97,159.73,78.06,97.78,137.89,221.1,141.9,93.68,102.56,171.34,92.18,206.45,81.57,77.73,99.13,87.36,154.62,201.91,101.24,85.28,102.53,114.22,117.35,121.08,170.99,124.37689999999996,40.63413337753661
36,2023-01-01,71.08,123.23,103.34,179.67,60.41,119.16,211.66,102.52,71.26,123.98,104.37,155.15,90.27,106.79,110.71,104.01,95.93,210.8,193.12,115.83,71.64,127.92,178.53,147.84,175.58,145.25,107.71,120.77,94.76,99.29,199.75,203.92,72.48,71.42,187.58,127.4,114.38,115.05,156.28,194.23,196.62,123.64,68.57,112.09,100.09,117.75,48.54,125.68,95.4,172.72,128.05,128.73,124.34,102.79,123.24,96.22,111.94,146.32,146.13,157.83,141.56,73.34,152.77,73.8,120.78,188.38,202.95,100.43,176.42,138.92,189.19,127.08,72.93,204.08,120.2,108.46,171.65,81.01,99.59,142.35,234.11,150.5,94.59,104.78,179.74,93.58,216.21,84.28,78.57,101.53,90.39,164.72,209.02,102.57,87.12,104.99,115.21,121.79,123.88,176.92,129.12150000000003,42.66387908448262
37,2023-02-01,76.14,127.85,104.84,189.3,62.57,123.15,214.14,104.96,72.38,128.11,106.47,158.86,91.68,110.3,121.52,104.51,96.5,217.08,202.63,121.15,76.67,134.23,184.76,160.12,183.35,154.2,112.2,126.15,97.81,102.18,207.31,208.84,80.19,73.07,191.98,131.44,117.55,116.4,161.83,204.57,202.29,127.23,76.03,113.94,101.54,121.88,48.44,128.28,100.59,177.33,133.43,132.93,127.57,106.12,125.85,97.51,114.96,151.93,156.97,166.13,147.45,74.36,159.25,77.46,124.29,193.83,206.74,103.55,177.51,142.99,196.39,133.05,76.3,214.2,127.24,110.83,183.31,83.06,101.37,146.7,244.91,159.14,95.73,106.83,187.03,95.63,224.09,86.91,79.24,103.87,92.8,174.64,215.38,103.69,89.11,107.41,116.01,126.3,126.55,182.45,133.6753999999999,44.44290729609498
38,2023-03-01,81.3,132.65,106.63,198.08,64.63,128.27,217.27,107.34,73.45,132.01,108.43,162.52,93.28,113.77,133.98,104.81,97.5,222.65,210.35,127.24,80.85,140.21,191.61,172.9,189.83,162.8,116.62,130.67,100.76,105.33,214.12,213.33,87.81,74.79,195.92,135.32,120.56,117.68,166.96,212.4,207.27,130.9,83.77,115.57,102.83,125.79,48.29,130.68,106.27,182.14,138.92,136.99,130.6,109.45,128.3,98.86,117.87,157.25,169.0,174.54,152.83,75.43,165.1,80.94,127.71,198.32,210.12,107.31,178.45,147.56,202.06,139.42,79.58,222.29,134.26,113.07,194.26,84.49,103.05,151.22,254.41,167.64,96.93,108.7,193.36,98.46,230.3,89.44,79.8,105.99,95.01,183.7,221.19,104.64,91.08,109.76,116.67,130.89,129.13,187.6,138.0409,46.032320882706806
39,2023-04-01,86.38,137.48,108.42,205.51,66.61,134.37,221.16,109.72,74.4,135.48,110.21,166.25,94.96,116.91,147.45,104.98,98.64,227.44,215.41,133.86,84.75,145.69,198.42,185.93,195.18,170.98,120.96,134.54,103.68,108.46,220.51,217.28,94.78,76.58,199.42,138.95,124.26,118.88,171.79,218.11,211.72,134.54,91.04,117.09,104.05,129.25,48.08,132.82,111.73,186.93,144.49,140.88,133.04,113.14,129.7,99.99,121.05,162.25,181.68,182.67,158.44,76.76,170.33,84.18,130.81,202.94,212.22,111.15,179.29,152.27,206.55,146.44,82.78,228.82,141.95,115.16,204.23,85.82,104.67,155.77,262.88,175.81,98.38,110.41,198.96,101.85,235.1,92.03,80.29,107.68,97.22,191.48,226.36,105.52,92.92,112.36,117.25,135.77,131.63,192.36,142.17770000000002,47.44390884587565
40,2023-05-01,91.34,142.13,110.15,211.4,68.21,141.43,224.78,112.47,75.26,138.42,112.08,169.94,96.69,122.34,161.66,105.02,100.17,231.61,218.74,141.06,88.5,150.63,204.42,198.75,199.62,178.55,125.2,138.02,106.63,112.23,226.41,220.7,101.1,78.44,202.48,142.29,128.38,119.98,176.84,222.63,215.73,138.12,97.45,118.53,105.25,132.2,47.78,134.91,116.23,191.46,150.05,144.54,134.16,117.0,130.24,100.93,124.64,166.92,194.28,190.15,164.41,78.31,174.9,87.34,133.53,207.45,213.72,114.72,179.98,156.88,210.21,154.04,85.98,234.32,150.75,117.11,213.09,87.28,106.26,160.11,269.26,183.54,100.01,112.24,204.11,105.67,238.64,95.42,80.77,109.44,99.6,197.58,230.8,106.47,94.9,115.14,117.75,140.82,134.06,196.33,146.10209999999995,48.63038947401038
41,2023-06-01,95.95,147.36,111.72,215.92,69.28,149.22,228.51,115.44,76.07,141.02,114.3,173.49,98.38,129.36,176.65,104.99,102.35,235.33,221.36,148.84,92.18,155.03,209.63,210.62,203.24,185.59,129.3,143.07,109.69,118.09,231.75,223.64,107.51,80.38,205.08,145.35,132.74,120.97,181.86,227.76,219.31,141.56,103.29,119.86,106.46,134.75,47.52,137.08,121.6,195.75,155.55,147.96,135.08,120.27,130.76,101.79,128.49,171.34,205.9,196.9,170.0,79.98,178.86,90.49,135.99,211.63,214.82,117.93,180.51,161.43,213.29,162.18,89.13,239.11,159.94,118.91,221.08,88.76,107.77,164.13,271.81,190.73,101.59,115.14,208.39,109.8,240.91,99.09,81.24,111.27,102.22,202.15,234.54,107.46,96.94,117.85,118.2,145.9,136.39,199.66,149.8746,49.57396122110392
42,2023-07-01,100.08,152.84,113.12,219.73,69.95,157.64,232.02,118.48,76.84,143.96,117.5,176.83,100.04,137.22,191.5,104.88,104.73,238.74,223.74,156.96,95.95,159.31,214.28,220.98,206.3,191.72,133.27,150.3,112.86,124.88,236.58,226.16,114.3,82.5,207.26,148.11,136.63,121.83,186.67,232.8,222.49,144.82,108.55,121.12,107.71,136.94,47.29,139.1,127.55,199.76,161.26,151.14,136.76,123.05,131.31,102.42,132.55,175.35,215.72,202.96,174.56,81.7,182.32,93.51,138.22,215.28,215.76,120.69,180.8,165.79,215.94,170.22,92.51,243.27,169.33,120.95,228.17,90.22,109.17,167.88,273.25,197.24,103.05,118.27,212.01,114.37,242.06,102.75,81.72,113.14,105.04,205.42,237.69,108.46,99.0,120.34,118.59,150.91,138.65,201.91,153.475,50.35448256254267
43,2023-08-01,103.7,158.83,114.53,223.32,70.45,166.18,235.05,121.56,77.63,146.92,121.44,180.02,101.9,145.7,205.41,104.77,107.09,241.78,225.8,165.07,100.82,163.58,218.57,229.47,209.05,196.89,137.12,158.77,116.17,131.92,240.93,228.33,121.98,84.71,209.07,150.72,139.99,122.59,191.1,237.55,225.29,148.2,113.6,122.39,108.79,138.84,47.03,140.91,133.52,203.49,167.05,154.09,138.85,125.74,131.78,102.95,136.76,179.09,222.77,208.48,177.41,83.38,185.13,96.38,140.27,218.71,216.36,123.07,181.09,169.99,218.25,177.72,96.44,246.91,178.86,123.26,234.17,91.66,110.73,171.36,274.46,202.98,104.46,121.27,215.17,119.48,242.81,106.47,82.21,115.07,107.93,207.73,240.3,109.41,101.01,122.73,118.93,155.96,140.87,203.11,156.89609999999996,50.97384653026401
44,2023-09-01,106.75,165.01,115.93,226.69,70.93,174.34,237.37,124.64,78.43,149.67,125.98,182.94,104.32,154.58,217.82,104.62,109.36,244.46,227.48,172.73,106.48,167.49,222.35,236.1,211.45,201.07,140.69,167.43,119.59,138.88,244.14,230.23,131.88,86.97,210.56,153.28,142.9,123.24,195.28,241.65,227.72,151.48,118.88,123.59,109.78,140.87,46.73,142.45,139.51,206.9,172.56,156.82,141.04,128.37,132.16,103.32,140.86,182.4,227.35,213.57,177.89,85.0,187.44,99.18,142.13,221.91,216.65,125.03,181.18,173.92,220.12,184.41,100.58,249.71,187.97,125.59,238.89,93.12,112.39,174.49,275.2,207.07,105.8,124.14,218.02,124.92,243.53,110.28,82.69,117.03,110.78,209.66,242.3,110.31,102.94,125.03,119.93,161.27,142.97,203.41,160.0695,51.383766476614305
45,2023-10-01,109.6,171.09,117.3,229.8,71.46,181.62,239.28,127.7,79.27,152.12,131.1,185.67,107.1,163.72,227.58,104.43,111.71,246.8,228.76,179.6,112.41,170.78,224.67,241.33,213.59,204.33,143.98,175.61,123.11,145.72,246.55,231.69,143.73,89.21,211.78,155.76,145.49,123.83,199.14,245.26,229.83,154.54,125.02,124.77,110.68,143.43,46.38,143.77,145.45,210.03,178.06,159.34,143.31,130.91,132.62,103.68,144.38,185.41,230.23,218.32,176.45,86.51,189.33,102.51,143.83,224.8,216.69,126.69,181.25,177.46,221.77,190.29,104.69,251.86,196.34,127.88,242.83,94.58,114.1,177.22,275.74,209.57,107.02,126.84,220.57,130.53,244.28,113.59,83.14,119.01,113.54,211.8,243.72,111.15,104.82,127.23,121.46,166.62,144.98,203.05,162.99579999999997,51.61936159303723
46,2023-11-01,112.0,176.77,118.59,232.52,72.04,187.64,241.66,130.74,80.13,154.32,136.73,188.17,110.08,172.72,234.32,104.18,114.14,248.84,229.64,185.39,118.21,173.45,226.41,245.51,215.4,206.91,147.27,183.01,126.72,152.48,248.62,232.77,156.99,91.41,212.74,158.09,148.01,124.35,202.68,248.37,231.62,157.38,131.44,125.87,111.51,146.13,46.0,144.87,151.28,212.88,183.43,161.66,145.56,133.63,133.46,104.2,147.37,188.05,230.96,222.78,174.42,87.94,190.85,106.02,145.35,227.31,216.74,128.13,181.18,180.57,223.21,195.51,108.67,253.55,203.78,130.05,246.2,96.01,115.76,179.49,276.27,211.54,108.13,129.33,222.8,136.17,245.08,115.86,83.56,120.74,116.21,213.78,244.42,111.93,106.65,129.32,123.24,171.81,146.84,202.36,165.66879999999998,51.751417435914384
47,2023-12-01,114.47,181.91,119.82,234.91,72.69,192.33,243.99,133.61,81.01,156.29,142.69,190.46,113.17,181.39,239.04,103.87,116.59,250.61,230.11,190.37,123.93,175.72,228.01,248.35,216.81,208.86,150.54,189.63,130.39,159.89,250.51,233.54,171.12,93.57,213.48,160.39,150.34,124.91,205.89,251.04,233.27,159.96,140.58,126.9,112.31,148.74,45.57,145.95,156.87,215.47,188.42,163.81,147.67,136.41,134.47,104.62,150.04,190.33,231.15,226.58,172.86,89.31,192.0,109.57,146.54,229.48,216.85,129.47,180.99,183.39,224.47,200.25,112.76,254.97,210.23,132.1,249.08,97.4,117.4,181.35,276.79,213.51,109.17,131.6,224.72,141.7,245.63,117.71,83.93,122.36,118.78,215.37,244.38,112.65,108.47,131.33,125.11,176.71,148.58,201.56,168.15900000000002,51.794482711906085
48,2024-01-01,118.26,186.49,121.05,237.0,73.4,196.0,245.84,135.86,81.92,158.02,148.71,192.57,116.25,189.61,242.72,103.51,119.07,252.14,230.19,194.73,128.98,177.66,229.57,250.49,217.77,210.33,153.66,195.71,133.81,167.33,252.1,234.01,185.04,95.68,214.02,162.64,152.46,125.57,208.8,253.28,234.75,162.05,150.42,127.85,113.08,151.18,45.12,146.95,162.08,217.87,193.02,165.77,149.64,139.15,135.56,105.0,152.5,192.32,231.55,229.78,171.94,90.62,192.78,113.06,147.49,231.54,216.98,130.87,180.74,186.02,225.52,204.6,117.1,256.14,215.77,134.02,251.54,98.74,119.03,182.92,277.28,215.1,110.2,133.72,226.36,146.99,245.78,119.53,84.27,123.95,121.28,216.22,243.99,113.32,110.28,133.27,127.07,181.29,150.18,200.74,170.46130000000016,51.78990944687151
49,2024-02-01,123.56,190.45,122.86,238.73,74.15,198.99,247.16,137.62,82.8,159.51,154.5,194.4,119.24,197.3,245.83,103.06,121.56,253.44,229.9,198.58,133.54,179.31,230.88,252.21,218.32,211.54,156.53,201.6,136.59,174.59,253.37,234.13,197.42,97.62,214.34,164.79,154.36,126.21,211.41,255.14,236.06,163.83,160.91,128.62,113.8,153.16,44.64,147.84,167.27,219.86,197.15,167.55,151.34,141.74,136.6,105.32,154.75,193.76,232.35,232.09,172.0,91.86,192.72,116.5,148.25,233.31,216.93,132.21,180.21,188.35,226.1,208.62,121.56,257.08,220.5,135.8,253.58,100.24,120.57,184.31,277.66,216.03,111.14,136.17,227.79,151.93,245.75,121.66,84.58,125.51,123.73,216.03,243.42,113.9,112.09,135.12,129.08,185.47,151.61,199.83,172.55380000000002,51.72647460743029
50,2024-03-01,129.8,194.07,124.99,240.16,74.93,201.43,248.22,139.07,83.72,160.83,159.85,196.16,122.11,204.46,248.6,102.59,124.08,254.55,229.37,202.02,137.48,180.72,232.04,253.73,218.9,212.5,159.18,207.5,139.05,181.32,254.39,233.89,207.78,99.45,214.55,166.87,156.12,126.87,213.75,256.46,237.14,165.15,171.6,129.41,114.52,154.81,44.14,148.65,172.27,221.69,200.68,169.19,152.94,144.15,137.65,105.61,156.87,195.08,233.48,234.14,172.46,93.05,192.01,119.88,148.89,234.6,216.73,133.52,179.81,190.56,226.35,212.33,125.98,257.83,224.59,137.49,255.29,101.91,122.11,185.64,277.98,216.59,112.63,138.82,229.03,156.45,245.65,124.08,84.87,127.13,127.09,215.34,242.78,114.46,113.88,136.91,131.12,189.31,152.94,198.85,174.49669999999995,51.62272324923073
51,2024-04-01,136.6,197.12,127.12,240.93,75.71,203.52,249.08,140.19,84.58,162.02,164.7,197.7,124.84,211.04,251.09,102.24,126.61,255.42,228.59,205.06,140.83,181.92,232.93,255.15,218.98,213.1,161.53,212.9,141.39,187.34,255.22,233.13,216.13,101.17,214.61,168.69,157.71,127.43,215.72,257.22,238.03,166.3,181.68,129.86,115.15,156.19,43.61,149.34,176.97,223.36,203.73,170.61,154.21,146.23,138.56,105.87,158.81,195.96,234.72,235.92,173.02,94.26,190.89,123.16,149.33,235.54,216.35,134.68,179.04,192.35,226.35,215.72,130.25,258.35,228.12,139.02,256.65,103.99,123.6,186.83,278.2,217.04,114.52,141.41,230.06,160.47,245.57,126.55,85.11,128.72,131.83,214.35,242.05,114.97,115.61,138.56,133.11,192.7,154.19,197.77,176.22660000000008,51.472740539301604
52,2024-05-01,143.78,199.67,129.2,241.27,76.55,205.12,249.68,141.06,85.47,163.06,169.03,199.08,127.47,217.01,253.32,101.96,129.18,256.1,227.73,207.74,143.97,182.96,233.73,256.48,218.41,213.41,163.67,217.58,143.68,192.67,255.85,231.71,222.93,102.8,214.51,170.32,159.14,127.86,217.31,257.81,238.67,167.27,190.27,130.05,115.68,157.44,43.05,149.92,181.31,224.77,206.4,171.78,155.18,148.04,139.28,106.08,160.6,196.54,235.89,237.32,173.79,95.5,189.5,126.31,149.63,236.26,215.8,135.72,177.95,193.72,226.27,218.79,134.29,258.34,231.15,140.99,257.49,106.15,125.25,187.87,278.31,217.37,116.61,143.86,230.87,163.95,245.53,128.96,85.28,130.24,137.46,212.63,241.23,115.4,117.26,140.1,135.08,195.67,155.23,196.65,177.74280000000007,51.26880277064556
53,2024-06-01,151.14,201.58,131.08,240.97,77.42,206.14,250.06,141.46,86.32,164.0,172.97,200.07,130.47,222.39,255.3,101.65,131.78,256.55,226.69,210.06,147.18,183.86,234.56,257.97,217.16,213.47,165.5,221.45,145.88,197.38,256.3,229.52,228.77,104.33,214.16,171.68,160.34,128.0,218.67,258.27,239.06,168.1,196.29,129.88,116.06,158.5,42.46,150.3,185.31,225.74,208.67,172.7,155.72,149.5,139.71,106.25,162.18,196.45,236.79,238.46,174.48,96.82,188.09,129.33,149.76,236.72,215.1,136.63,175.89,194.77,226.11,221.52,138.06,257.69,233.72,143.62,257.93,108.32,126.58,188.75,278.38,217.44,118.39,146.16,231.55,166.78,245.78,131.28,85.37,131.43,144.17,210.7,240.09,115.66,118.81,141.52,137.04,198.06,155.87,195.31,179.00360000000003,51.02709186384041
54,2024-07-01,158.53,203.6,133.07,241.32,78.29,207.14,250.27,141.92,87.22,165.14,176.74,201.07,133.52,226.81,257.01,101.38,134.44,256.96,225.63,212.23,150.14,184.62,235.92,259.89,216.83,213.39,167.19,225.92,148.02,201.53,256.98,227.05,234.09,105.8,213.84,173.07,161.4,128.22,219.89,258.62,239.47,168.73,201.09,130.01,116.49,159.44,41.85,150.72,188.86,226.75,210.81,173.66,156.48,150.95,140.26,106.45,163.64,196.65,237.57,239.51,175.15,98.17,186.77,132.22,149.91,237.27,214.49,137.46,174.68,196.0,226.05,224.0,141.61,256.98,235.62,146.6,258.25,110.29,128.01,189.64,278.88,217.35,120.71,148.33,232.18,169.05,246.16,133.52,85.49,132.71,151.78,208.75,238.89,115.95,120.36,142.94,139.03,200.35,156.58,193.77,180.26039999999998,50.82422779690327
55,2024-08-01,165.51,205.55,134.99,241.8,79.16,208.03,250.32,142.39,88.15,166.31,180.29,202.0,136.57,230.48,258.45,101.12,137.11,257.29,224.51,214.21,152.81,185.28,237.05,261.12,216.81,213.16,168.71,229.9,150.04,205.11,257.7,224.11,239.02,107.24,213.48,174.43,162.36,128.46,220.84,258.77,239.85,169.19,205.66,130.27,116.93,160.26,41.21,151.09,192.05,227.69,212.64,174.57,157.32,152.35,140.85,106.65,164.96,196.9,238.17,240.44,175.65,99.52,185.5,134.96,150.03,237.79,213.9,138.16,173.65,197.18,226.0,226.22,144.65,256.31,237.0,149.72,258.44,112.16,129.51,190.45,279.62,217.13,123.49,150.6,232.73,170.85,246.54,135.65,85.63,134.04,159.24,206.7,237.66,116.24,121.9,144.33,141.04,202.44,157.3,192.13,181.41750000000005,50.61698038986402
56,2024-09-01,171.79,207.42,136.85,242.22,80.03,208.78,250.22,142.83,89.1,167.38,183.54,202.86,139.67,233.66,259.64,100.88,139.78,257.5,223.34,215.99,155.44,185.86,236.71,261.3,216.75,212.79,170.4,233.21,151.94,208.25,258.26,220.77,243.52,108.66,213.07,175.71,163.23,128.75,221.57,258.82,240.14,169.53,210.09,130.67,117.38,160.97,40.55,151.43,194.78,228.47,214.11,175.38,158.2,153.68,141.51,106.86,166.15,197.16,238.59,241.22,176.04,100.87,184.65,137.55,150.09,238.24,213.26,138.77,172.71,198.22,225.97,228.19,147.36,255.64,238.02,152.89,258.48,113.99,131.05,191.12,280.36,216.84,126.22,153.17,233.18,172.28,246.83,138.09,85.79,135.41,166.22,204.48,236.42,116.54,123.47,145.65,143.07,204.33,158.0,190.47,182.45290000000006,50.36496949379708
57,2024-10-01,176.8,208.96,138.6,242.21,80.9,209.28,249.97,143.16,90.03,168.22,186.43,203.52,142.81,236.45,260.65,100.61,142.42,257.58,222.1,217.54,158.06,186.35,236.04,260.81,216.35,212.27,171.96,235.84,153.7,211.01,258.41,217.16,247.53,110.03,212.53,176.84,163.98,128.97,222.1,258.75,240.28,169.74,214.47,131.01,117.8,161.51,39.86,151.67,197.14,229.04,215.12,176.01,158.88,154.91,142.13,107.04,167.19,197.18,238.8,241.84,176.26,102.19,183.69,140.01,150.1,238.56,212.54,139.29,171.53,199.02,225.91,229.9,149.77,255.06,238.76,156.04,258.31,115.84,132.44,191.65,281.03,216.44,128.87,155.7,233.52,173.37,246.98,141.02,85.95,136.73,172.61,202.42,235.15,116.77,125.0,146.88,145.09,205.9,158.63,188.79,183.32270000000014,50.08526995408667
58,2024-11-01,179.23,210.37,140.34,242.28,81.77,209.68,249.61,143.47,90.98,168.98,189.0,204.12,145.9,238.9,261.6,100.34,145.16,257.59,220.83,218.91,160.07,186.73,235.71,260.15,215.99,211.65,173.38,238.17,155.38,213.44,258.39,213.47,251.03,111.33,211.95,177.87,164.61,129.18,222.49,258.6,240.36,169.85,218.35,131.38,118.23,161.93,39.14,151.88,199.19,229.51,215.71,176.55,159.53,156.08,142.79,107.22,168.11,197.17,238.92,242.36,176.43,103.48,182.61,142.32,150.06,238.85,211.85,139.75,170.48,199.72,225.88,231.39,151.8,254.59,239.43,159.22,257.96,117.67,133.81,192.1,281.64,215.96,131.78,158.16,233.8,174.16,247.05,144.12,86.11,138.06,177.84,201.27,233.83,116.97,126.49,148.07,147.11,207.31,159.26,187.18,184.0848,49.81703585698127
59,2024-12-01,180.16,211.61,142.03,242.34,82.66,209.97,249.15,143.72,91.92,169.68,191.26,204.62,148.84,241.02,262.57,100.07,147.82,257.52,219.51,220.11,161.62,187.01,235.58,259.38,215.63,210.93,174.65,240.28,156.95,215.54,258.38,209.8,254.02,112.55,211.3,178.78,165.14,129.35,222.73,258.41,240.39,169.85,221.29,131.66,118.61,162.21,38.4,152.04,200.98,229.89,215.87,177.02,160.13,157.17,143.46,107.38,168.9,197.08,238.96,242.76,176.47,104.72,181.49,144.5,149.99,239.05,211.15,140.15,169.49,200.27,225.86,232.67,153.56,254.01,240.19,162.37,257.41,119.46,135.17,192.34,282.2,215.43,134.89,160.5,234.02,174.67,247.04,147.2,86.25,139.38,181.93,200.27,232.45,117.14,127.84,149.21,149.1,208.52,159.84,185.63,184.72490000000002,49.55444226782042
